datatime,leakage,smoke,gas,temp,hum,motion,open
2020-10-31 10:07:55.903423,0,0,21.936313235659973,29.27804735176037,93.48687117186604,1,1
